phrase,freq,pages_count,pages_sample
минивэн казань,2201,1,airport/kzn
минивэн в казани,1362,1,airport/kzn
минивэн с водителем казань,951,1,airport/kzn
аренда минивэна казань,858,1,airport/kzn
аренда минивэна в казани,721,1,airport/kzn
аренда минивэна с водителем в казани,622,1,airport/kzn
минивэны симферополь,326,1,airport/sip
минивэны иркутск,323,1,airport/ikt
заказ минивэна с водителем в казани,305,1,airport/kzn
минивэн в иркутске,212,1,airport/ikt
минивэны севастополь,168,1,airport/sip/sevastopol
купить минивэн в казани,158,1,airport/kzn
такси минивэн казань,157,1,airport/kzn
минивэн геленджик,152,1,airport/aaq/gelendzhik
минивэн минеральные воды,149,1,airport/mrv
минивэн адлер,148,1,airport/aer
минивэн пятигорск,138,1,airport/mrv/pyatigorsk
минивэн в шереметьево,135,1,airport/svo
купить минивэн в иркутске,113,1,airport/ikt
минивэн в аэропорт шереметьево,110,1,airport/svo
самара казань минивэн,110,1,airport/kzn
минивэн ялта,85,1,airport/sip/yalta
минивэн домодедово,81,1,airport/dme
трансфер казань минивэн,80,1,airport/kzn
минивэн челны казань,79,1,airport/kzn
минивэн внуково,68,1,airport/vko
авито казань минивэны,67,1,airport/kzn
трансфер минивэн шереметьево,64,1,airport/svo
минивэн алушта,59,1,airport/sip/alushta
минивэны в симферополе,57,1,airport/sip
минивэн в адлере,54,1,airport/aer
такси минивэн шереметьево,53,1,airport/svo
минивэн серпухов,53,1,airport/dme/serpukhov
минивэн евпатория,53,1,airport/sip/yevpatoria
трансфер в шереметьево минивэн,50,1,airport/svo
минивэн зеленоградск,50,1,airport/kgd/zelenogradsk
минивэн ессентуки,49,1,airport/mrv/essentuki
такси минивэн симферополь,47,1,airport/sip
минивэн в домодедово,44,1,airport/dme
трансфер в аэропорт шереметьево минивэн,43,1,airport/svo
минивэн балашиха,42,1,airport/vko/balashikha
минивэн москва симферополь,41,1,airport/sip
казань минивэны с пробегом,41,1,airport/kzn
минивэн аэропорт домодедово,39,1,airport/dme
аренда минивэна в иркутске,39,1,airport/ikt
заказать минивэн шереметьево,38,1,airport/svo
минивэн казань уфа,38,1,airport/kzn
минивэн аэропорт казань,37,1,airport/kzn
аренда минивэна в казани без водителя,33,1,airport/kzn
минивэн такси в казани,33,1,airport/kzn
такси минивэн севастополь,33,1,airport/sip/sevastopol
такси минивэн внуково,32,1,airport/vko
заказать минивэн домодедово,32,1,airport/dme
аренда минивэна минеральные воды,32,1,airport/mrv
минивэны с пробегом в казани,32,1,airport/kzn
минивэн подольск,32,1,airport/dme/podolsk
минивэны геленджик такси,32,1,airport/aaq/gelendzhik
минивэн аэропорт внуково,30,1,airport/vko
купить минивэн в казани с пробегом,29,1,airport/kzn
минивэн в аэропорт домодедово,28,1,airport/dme
такси минивэн адлер,28,1,airport/aer
минивэны бу казань,28,1,airport/kzn
такси в шереметьево минивэн,27,1,airport/svo
заказать минивэн в казани,27,1,airport/kzn
аренда минивэна пятигорск,27,1,airport/mrv/pyatigorsk
такси в аэропорт шереметьево минивэн,26,1,airport/svo
минивэн казань тольятти,26,1,airport/kzn
заказать минивэн в шереметьево,25,1,airport/svo
такси минивэн пятигорск,25,1,airport/mrv/pyatigorsk
аренда минивэна севастополь,25,1,airport/sip/sevastopol
такси минивэн иркутск,24,1,airport/ikt
минивэн из самары в казань,23,1,airport/kzn
минивэны бу в казани,22,1,airport/kzn
купить минивэн севастополь,22,1,airport/sip/sevastopol
такси минивэн домодедово,21,1,airport/dme
купить минивэн симферополь,21,1,airport/sip
аренда минивэна казань без водителя посуточно,21,1,airport/kzn
заказать минивэн в аэропорт шереметьево,20,1,airport/svo
такси минивэн минеральные воды,20,1,airport/mrv
минивэн грозный симферополь,20,1,airport/sip
минивэн казань такси заказать,20,1,airport/kzn
минивэн геленджик краснодар,20,1,airport/aaq/gelendzhik
аренда минивэна в адлере,19,1,airport/aer
трансфер минеральные воды минивэн,19,1,airport/mrv
аренда минивэна в симферополе,19,1,airport/sip
авто минивэн с пробегом казань,19,1,airport/kzn
минивэн одинцово,19,1,airport/vko/odintsovo
заказать минивэн геленджик,19,1,airport/aaq/gelendzhik
самара казань такси минивэн,18,1,airport/kzn
тойота минивэн иркутск,18,1,airport/ikt
минивэн в аэропорту внуково,17,1,airport/vko
авторынок симферополь опель минивэн,17,1,airport/sip
авито казань купить минивэн,17,1,airport/kzn
минивэн казань авто авито,17,1,airport/kzn
купить минивэн в феодосии,17,1,airport/sip/feodosia
минивэн аренда геленджик,17,1,airport/aaq/gelendzhik
минивэны бу купить казань,16,1,airport/kzn
заказать минивэн в аэропорт домодедово,15,1,airport/dme
аренда минивэна в минеральных водах,15,1,airport/mrv
минивэн донецк алушта,15,1,airport/sip/alushta
заказать минивэн в пулково,14,1,airport/led
минивэн симферополь краснодар,14,1,airport/sip
москва казань минивэн,14,1,airport/kzn
минивэн челябинск кольцово,14,1,airport/svx
такси минивэн серпухов,14,1,airport/dme/serpukhov
купить минивэн в пятигорске,14,1,airport/mrv/pyatigorsk
такси минивэн светлогорск,14,1,airport/kgd/svetlogorsk
трансфер минивэн геленджик,14,1,airport/aaq/gelendzhik
минивэн казань стерлитамак,13,1,airport/kzn
минивэн до феодосии,13,1,airport/sip/feodosia
заказать такси минивэн шереметьево,12,1,airport/svo
пятигорск махачкала минивэн,12,1,airport/mrv/pyatigorsk
купить минивэн в симферополе,11,1,airport/sip
купить минивэн семиместный в казани,11,1,airport/kzn
минивэн набережные челны казань,11,1,airport/kzn
минивэн в прокат без водителя иркутск,11,1,airport/ikt
аренда минивэна без водителя в симферополе аренда,10,1,airport/sip
фольксваген транспортер минивэн краснодарский край ставропольский симферополь,10,1,airport/sip
такси минивэн из зеленоградска до аэропорта храброво,10,2,"airport/kgd, airport/kgd/zelenogradsk"
такси минивэн казань по городу,10,1,airport/kzn
заказать такси минивэн в казань,10,1,airport/kzn
заказать такси минивэн в аэропорт шереметьево,8,1,airport/svo
заказать минивэн в аэропорт внуково,8,1,airport/vko
такси минивэн в аэропорт внуково,8,1,airport/vko
трансфер симферополь севастополь минивэн,8,2,"airport/sip, airport/sip/sevastopol"
прокат минивэна казань,8,1,airport/kzn
где в казани купить минивэн,8,1,airport/kzn
минивэн соллерс сф1 в казани,8,1,airport/kzn
дром иркутск минивэн,8,1,airport/ikt
минивэн до байкала из иркутска аренда,8,1,airport/ikt
аренда минивэна в пятигорске с водителем,8,1,airport/mrv/pyatigorsk
донецк ялта минивэн,8,1,airport/sip/yalta
аренда минивэна в зеленоградске,8,1,airport/kgd/zelenogradsk
махачкала симферополь минивэн,7,1,airport/sip
авито симферополь минивэн 7 местный,7,1,airport/sip
оренбург казань минивэн,7,1,airport/kzn
новый минивэн из казани,7,1,airport/kzn
продажа минивэны в иркутске,7,1,airport/ikt
заказ минивэнов в балашихе,7,1,airport/vko/balashikha
трансфер в аэропорт шереметьево минивэн москва,6,1,airport/svo
такси минивэн в аэропорт жуковский,6,2,"airport/dme/zhukovskiy, airport/zia"
как заказать минивэн в яндекс такси казань,6,1,airport/kzn
купить минивэн фольксваген семиместный в казани,6,1,airport/kzn
трансфер минивэн казань самара,6,1,airport/kzn
купить минивэн машину в ессентуках тойота сильнее,6,1,airport/mrv/essentuki
аренда минивэна ялта,6,1,airport/sip/yalta
минивэн алушта донецк днр,6,1,airport/sip/alushta
феодосия купить авто фольксваген минивэн бу,6,1,airport/sip/feodosia
минивэн в аэропорт шереметьево с детским креслом,5,1,airport/svo
авторынок симферополь опель минивэн семиместный,5,1,airport/sip
казань ттс купить минивэн вован,5,1,airport/kzn
минивэн купить в казани бу с пробегом,5,1,airport/kzn
купить минивэн hyundai staria в казани,5,1,airport/kzn
купить т5 бу минивэн в казани,5,1,airport/kzn
российский минивэн из каза казани,5,1,airport/kzn
купить минивэн в иркутске с пробегом,5,1,airport/ikt
севастополь услуги такси минивэн,5,1,airport/sip/sevastopol
перевозка минивэном донецк алушта,5,1,airport/sip/alushta
иркутск дром купить минивэн,4,1,airport/ikt
адлер мариуполь минивэн,2,1,airport/aer
минивэн донецк симферополь,1,1,airport/sip
донецк севастополь минивэн,1,1,airport/sip/sevastopol
